e36b32238767	cad700a6b3c3	25149	15085	40234	16822	668	0.0397099036975389	668	4968194	0.00809831500138682
cad700a6b3c3	f7450eab80a2	45593	25625	71218	17226	968	0.0561941251596424	968	5042786	0.0141227488138501
f7450eab80a2	2e8b0eef6147	2089	1123	3212	17232	108	0.00626740947075209	108	5044721	0.000636705181515489
2e8b0eef6147	11c8d9d05e2e	24604	12915	37519	17290	901	0.052111046847889	901	5047577	0.0074330713528491
11c8d9d05e2e	0cd4042314d4	210	41	251	17294	7	0.000404764658262981	7	5048308	4.97196288340569e-05
0cd4042314d4	c7d1cd3d77a7	162066	138181	300247	16605	2793	0.168202348690154	2793	5133835	0.0584839598467812
c7d1cd3d77a7	94ac2bb6335a	0	0	0	16605	0	0	0	5133835	0
94ac2bb6335a	41615c2bda16	1	0	1	16605	1	6.02228244504667e-05	1	5133836	1.94786120943482e-07
41615c2bda16	1bf16951d1be	443	238	681	16605	25	0.00150557061126167	25	5134041	0.000132644051732349
1bf16951d1be	0107d240e10e	52	10	62	16605	3	0.0001806684733514	3	5134083	1.20761584882831e-05
0107d240e10e	0f99e4fda7d5	340	87	427	16605	13	0.000782896717856067	13	5134336	8.31655738930993e-05
0f99e4fda7d5	b660ab28fc27	75	78	153	16605	9	0.000542005420054201	9	5134333	2.97993916639221e-05
b660ab28fc27	9f85cb45eeca	917	538	1455	16606	37	0.00222811032157052	37	5134775	0.000283361977886081
9f85cb45eeca	4a3634e8f843	0	0	0	16606	0	0	0	5134775	0
4a3634e8f843	ae53e63f3826	4	4	8	16606	1	6.02191978802842e-05	1	5134775	1.55800400212278e-06
ae53e63f3826	bdff22f5e177	12	4	16	16606	2	0.000120438395760568	2	5134783	3.11600314950018e-06
bdff22f5e177	4bcf06d8ce71	2	1	3	16606	1	6.02191978802842e-05	1	5134784	5.84250476748389e-07
4bcf06d8ce71	e4d5bb4de0b4	165	24	189	16604	7	0.000421585160202361	7	5134554	3.68094288228345e-05
e4d5bb4de0b4	dab4c1a30db9	163	18	181	16607	7	0.000421509002227976	7	5135201	3.52469163329731e-05
dab4c1a30db9	8227c178816b	283	97	380	16607	15	0.000903233576202806	15	5135387	7.39963706727458e-05
8227c178816b	ee3bcae652e9	5	8	13	16609	2	0.000120416641579866	2	5135578	2.53136063749786e-06
ee3bcae652e9	d37939b149f0	29	95	124	16611	13	0.000782613930527963	13	5135689	2.41447642176152e-05
d37939b149f0	687d80c819bf	39	9	48	16612	4	0.000240789790512882	4	5135985	9.34582168756334e-06
687d80c819bf	ac59325cf0a9	138794	162676	301470	17319	2792	0.161210231537618	2792	5050888	0.0596865343282211
ac59325cf0a9	fffff571cfb0	162299	138385	300684	16624	2794	0.168070259865255	2794	5136445	0.0585393204833304
fffff571cfb0	dbd6f214769b	24	11	35	16624	3	0.00018046198267565	3	5136458	6.81403410677163e-06
dbd6f214769b	4114e5200fbb	35	145	180	16624	8	0.000481231953801732	8	5136348	3.50443544713092e-05
4114e5200fbb	334ce688fe87	758	741	1499	16624	27	0.00162415784408085	27	5136365	0.000291840630484788
334ce688fe87	155c850ccb9d	465	547	1012	16624	10	0.000601539942252166	10	5136283	0.000197029641863581
155c850ccb9d	589ffb95f90a	905	4671	5576	16626	23	0.001383375436064	23	5136725	0.00108551654994184
589ffb95f90a	dd9b10ed7eeb	129349	145971	275320	17321	2796	0.161422550661047	2796	5054154	0.0544740029686472
dd9b10ed7eeb	6de448deb955	145415	128877	274292	16628	2797	0.168210247774838	2797	5137253	0.0533927373247921
6de448deb955	d0d0838b4b67	409	157	566	16628	20	0.00120279047389945	20	5137524	0.000110169801639856
d0d0838b4b67	523ca9b9773d	3817	3087	6904	16635	86	0.00516982266305981	86	5139475	0.00134332786909169
523ca9b9773d	3b1b11642a45	204	133	337	16638	16	0.000961654044957327	16	5139731	6.55676337925078e-05
3b1b11642a45	01b63f8158a0	12	0	12	16638	3	0.000180310133429499	3	5139743	2.33474708754893e-06
01b63f8158a0	7d7977dbd247	160	219	379	16641	11	0.000661017967670212	11	5139892	7.37369578971698e-05
7d7977dbd247	9270914d2bda	2024	1927	3951	16932	73	0.00431136309945665	73	5139196	0.000768797298254435
9270914d2bda	0ee58a54c5d6	343	148	491	16932	11	0.000649657453342783	11	5139391	9.55366112444062e-05
0ee58a54c5d6	34da890d632d	266	197	463	16932	16	0.000944956295771321	16	5139460	9.00872854346566e-05
34da890d632d	145e56834616	226	246	472	16932	7	0.000413418379399953	7	5139440	9.18387995579285e-05
145e56834616	2315796d220f	58	30	88	16939	9	0.000531318259637523	9	5139638	1.71218284244922e-05
2315796d220f	25e1253030f4	3	0	3	16939	1	5.9035362181947e-05	1	5139641	5.83698355585536e-07
25e1253030f4	1616267e8153	458	255	713	16942	36	0.00212489670641011	36	5140328	0.000138707101959252
1616267e8153	8eb768b8bccd	1566	823	2389	16947	92	0.00542868944355933	92	5141786	0.000464624548746292
8eb768b8bccd	6c70bde16ceb	4861	2226	7087	16931	359	0.0212037091725238	359	5118488	0.0013845885738132
6c70bde16ceb	37595a72841c	673	307	980	16947	40	0.00236029975806927	40	5121046	0.000191367154288401
37595a72841c	7a6b4aea8917	232	57	289	16943	17	0.0010033642212123	17	5125170	5.63883734588316e-05
7a6b4aea8917	4cf5f37e5121	61	35	96	16945	5	0.000295072292711714	5	5125425	1.87301540847832e-05
4cf5f37e5121	f220e3eeb464	107	474	581	16945	22	0.00129831808793154	22	5125058	0.000113364570703395
f220e3eeb464	51d39b428a2d	213	93	306	17135	26	0.00151736212430697	26	5168138	5.92089452719722e-05
51d39b428a2d	4788f1c39085	994	626	1620	17139	56	0.00326740183207888	56	5170113	0.000313339379622844
4788f1c39085	810bdf2e81f1	526	38	564	17140	8	0.000466744457409568	8	5170623	0.000109077764903765
810bdf2e81f1	2a496c6df8c2	7674	6330	14004	17177	126	0.00733539034755778	126	5175050	0.00270606081100666
2a496c6df8c2	b5ff73121753	1127	789	1916	17180	41	0.00238649592549476	41	5175435	0.000370210426756398
b5ff73121753	5fc2e44956d3	73	94	167	17180	6	0.000349243306169965	6	5175414	3.2267949964969e-05
5fc2e44956d3	fab82463c585	2332	1392	3724	17201	101	0.00587175164234638	101	5179442	0.00071899637065151
fab82463c585	491684dbfd7f	2568	1226	3794	17212	134	0.00778526609342319	134	5182188	0.000732123188120539
491684dbfd7f	6757787f9499	746	463	1209	17223	32	0.00185798060732741	32	5184445	0.00023319757466807
6757787f9499	f492e385a264	84	82	166	17224	6	0.000348351137947051	6	5184476	3.20186649528323e-05
f492e385a264	04289246a504	1995	749	2744	18099	48	0.00265208022542682	48	5264121	0.000521264613788323
04289246a504	1e08844ef551	2547	1609	4156	18105	67	0.00370063518365093	67	5265237	0.000789328191684439
1e08844ef551	f25d5be75389	25	27	52	18105	3	0.000165700082850041	3	5265235	9.87610239618934e-06
f25d5be75389	fffed35054b5	19	16	35	18105	6	0.000331400165700083	6	5265238	6.64737282531198e-06
fffed35054b5	c16794559aed	274	134	408	18105	13	0.00071803369235018	13	5265378	7.74873143010815e-05
c16794559aed	d8e72a6fb8b7	48	10	58	18105	2	0.000110466721900028	2	5265416	1.10152740068401e-05
d8e72a6fb8b7	1e2aea110399	251	64	315	18107	12	0.000662727122107472	12	5265726	5.98208110334643e-05
1e2aea110399	429e7f7ba34d	176	35	211	18108	20	0.00110448420587586	20	5266015	4.00682489510569e-05
429e7f7ba34d	551ba9506154	58	33	91	18108	2	0.000110448420587586	2	5266040	1.72805371778414e-05
551ba9506154	5879c8980e69	35	16	51	18108	9	0.000497017892644135	9	5266059	9.68466171761463e-06
5879c8980e69	2462c73609b5	95	10	105	18108	15	0.000828363154406892	15	5266144	1.99386875862111e-05
2462c73609b5	d5e1673edb11	244	104	348	18108	10	0.000552242102937928	10	5266284	6.60807506773277e-05
d5e1673edb11	4b0e75e126f1	80	1	81	18108	4	0.000220896841175171	4	5266363	1.53806336555228e-05
4b0e75e126f1	bf5a0fd5db5c	4	8	12	18108	1	5.52242102937928e-05	1	5266359	2.27861412410358e-06
bf5a0fd5db5c	a7e017d058ba	478	432	910	18108	9	0.000497017892644135	9	5266405	0.000172793395114884
a7e017d058ba	85fb29b6da87	43	3	46	18108	3	0.000165672630881378	3	5266445	8.73454484002017e-06
85fb29b6da87	5f3963040ee2	7	22	29	18110	3	0.000165654334621756	3	5266510	5.50649291466265e-06
5f3963040ee2	39e5868d85e7	832	206	1038	18111	34	0.00187731213074927	34	5267166	0.000197069923370556
39e5868d85e7	d5b2b5b6ad43	442	255	697	18111	20	0.00110430125338192	20	5267353	0.000132324528088397
d5b2b5b6ad43	61e9a14a8819	5033	2527	7560	18139	70	0.00385908815259937	70	5274139	0.0014334093204597
61e9a14a8819	301b3fe25335	632	261	893	18140	59	0.00325248070562293	59	5274656	0.000169300140141841
301b3fe25335	c3a3d758db0e	212	141	353	18141	10	0.000551237528250923	10	5274807	6.69218797957916e-05
c3a3d758db0e	e64520854382	0	0	0	18141	0	0	0	5274807	0
e64520854382	8945f271cfac	124	25	149	18142	9	0.000496086429280123	9	5274912	2.82469167258146e-05
8945f271cfac	c4c7d2498e2e	131278	158031	289309	17327	2727	0.157384428925954	2727	5036022	0.0574479221893788
c4c7d2498e2e	7347a2572f1d	158420	131141	289561	18147	2730	0.150438088940321	2730	5276009	0.0548825826491198
7347a2572f1d	4c30145dd7f3	333	204	537	18150	20	0.00110192837465565	20	5276464	0.00010177270232489
4c30145dd7f3	6ca958aa4c8a	1324	582	1906	18161	76	0.00418479158636639	76	5278012	0.000361120815943579
6ca958aa4c8a	5d0b180b9873	2168	1813	3981	18163	52	0.00286296316687772	52	5277121	0.000754388614549486
5d0b180b9873	b5cdd1306777	209	84	293	18164	24	0.00132129486897159	24	5277344	5.55203526622483e-05
b5cdd1306777	694ca73f88de	112	103	215	18165	13	0.000715661987338288	13	5277368	4.07400052450388e-05
694ca73f88de	011551895ca8	35	21	56	18167	4	0.000220179446248693	4	5277444	1.06111973902518e-05
011551895ca8	fd94e4f6c80b	224	1455	1679	18171	37	0.00203621154586979	37	5276800	0.00031818526379624
fd94e4f6c80b	4ca2f1951447	438	134	572	18173	25	0.00137566719859132	25	5277270	0.000108389375567291
4ca2f1951447	88ce6c86cbb3	272	142	414	18172	12	0.000660356592559982	12	5277213	7.84505002924839e-05
88ce6c86cbb3	e32fe98800b6	537	238	775	18176	39	0.00214568661971831	39	5277599	0.000146847079514757
e32fe98800b6	7acd57db1f8f	620	373	993	18178	28	0.00154032346792826	28	5278334	0.000188127541758441
7acd57db1f8f	55e73a35126e	78	57	135	18178	2	0.000110023104852019	2	5278355	2.55761501452631e-05
55e73a35126e	052ce95caebf	89	56	145	18178	3	0.000165034657278028	3	5278388	2.74705080414702e-05
052ce95caebf	784785a78a5a	483	227	710	18179	31	0.00170526431596898	31	5278714	0.000134502456469511
784785a78a5a	b4c505cfcdbd	178	41	219	18580	13	0.00069967707212056	13	5341619	4.09988057927756e-05
b4c505cfcdbd	a2af57fed584	1771	1146	2917	18587	84	0.00451928767418088	84	5343263	0.000545921097277076
a2af57fed584	978fa137b516	615	238	853	18594	60	0.00322684737011939	60	5344216	0.000159611812097415
978fa137b516	d75213d4b1e2	650	279	929	18594	24	0.00129073894804776	24	5344587	0.000173820727401388
d75213d4b1e2	77db855c4377	290	214	504	18594	33	0.00177476605356567	33	5344663	9.42996780152462e-05
77db855c4377	e7dfac59fa7c	176	75	251	18594	12	0.000645369474023879	12	5344764	4.69618490170941e-05
e7dfac59fa7c	1206cbcdd06e	763	822	1585	18623	47	0.00252376094077216	47	5346799	0.000296439046988675
1206cbcdd06e	237dccbcb967	144	124	268	18626	24	0.00128852142166864	24	5347093	5.01206917478338e-05
237dccbcb967	1ff1e4db21f2	39	26	65	18626	3	0.000161065177708579	3	5347106	1.21561083696489e-05
1ff1e4db21f2	45101239c881	207	72	279	18626	11	0.000590572318264791	11	5347241	5.21764401492284e-05
45101239c881	636c633c6b31	82	17	99	18626	8	0.000429507140556212	8	5347306	1.85139956456578e-05
636c633c6b31	52b8170d428b	257	76	333	18626	12	0.000644260710834318	12	5347487	6.22722411480383e-05
52b8170d428b	6f92e9608204	476	290	766	18626	24	0.00128852142166864	24	5347673	0.00014323987274465
6f92e9608204	d7c3f3105089	634	661	1295	18628	33	0.00177152673394889	33	5347655	0.000242162218766917
d7c3f3105089	bde2af1feb1c	2575	361	2936	18628	30	0.00161047884904445	30	5349869	0.000548798484598408
bde2af1feb1c	82034aa03da2	715	836	1551	18633	25	0.00134170557612837	25	5349768	0.00028991911424944
82034aa03da2	094d5802511b	35	26	61	18633	7	0.000375677561315945	7	5349777	1.14023444341699e-05
094d5802511b	e2e5b13d483c	136585	168482	305067	17333	2802	0.161656954941441	2802	5035788	0.0605797940659932
e2e5b13d483c	da097e999027	168206	136309	304515	18633	2802	0.150378360972468	2802	5349777	0.0569210641864138
da097e999027	1a03aa2e47a1	85	45	130	18633	4	0.00021467289218054	4	5349817	2.4299896613286e-05
1a03aa2e47a1	8df91edf9ecd	93	29	122	18634	2	0.000107330685843083	2	5350042	2.28035592991606e-05
8df91edf9ecd	101b2f5eef9a	180	22	202	18634	6	0.000321992057529248	6	5350200	3.7755597921573e-05
101b2f5eef9a	5e9329cfac70	129	45	174	18634	8	0.00042932274337233	8	5350284	3.25216381036969e-05
5e9329cfac70	72daa308d3a6	16	18	34	18634	6	0.000321992057529248	6	5350282	6.35480522335084e-06
72daa308d3a6	e2a652b99570	225	15	240	18634	16	0.00085864548674466	16	5350492	4.48556880376608e-05
e2a652b99570	6e590843b831	68	35	103	18634	8	0.00042932274337233	8	5350525	1.92504473860042e-05
6e590843b831	707085ed40a8	34	28	62	18634	9	0.000482988086293871	9	5350531	1.15876349468866e-05
707085ed40a8	68f268906598	82	12	94	18634	7	0.000375657400450789	7	5350601	1.75681199177438e-05
68f268906598	7f7565e06255	16	7	23	18637	2	0.000107313408810431	2	5350913	4.29833189214626e-06
7f7565e06255	040104b681d8	56	56	112	18642	8	0.000429138504452312	8	5351036	2.09305263504114e-05
040104b681d8	88d9224dda3c	102	18	120	18644	1	5.36365586783952e-05	1	5351145	2.24251071499651e-05
88d9224dda3c	ab7aa62cd3df	136630	169190	305820	17339	2805	0.1617740354115	2805	5036346	0.0607225953101713
ab7aa62cd3df	83066d472ab1	169087	136592	305679	18644	2804	0.15039691053422	2804	5351080	0.0571247299610546
83066d472ab1	df9eedd38fd9	41	23	64	18644	3	0.000160909676035186	3	5351098	1.19601621947496e-05
df9eedd38fd9	35969e2d4461	163	126	289	18645	15	0.00080450522928399	15	5351194	5.40066385184316e-05
35969e2d4461	e0d4561865c1	36	33	69	18645	14	0.000750871547331724	14	5351197	1.28943113101611e-05
e0d4561865c1	80b81fd8452c	56	68	124	18645	2	0.000107267363904532	2	5351185	2.31724375068326e-05
80b81fd8452c	23054aa8df66	121	63	184	18645	4	0.000214534727809064	4	5351243	3.43845345838341e-05
23054aa8df66	d82ce930bef3	192	280	472	18645	4	0.000214534727809064	4	5351155	8.82052566221685e-05
d82ce930bef3	fe0560bbe9cb	34	27	61	18648	6	0.000321750321750322	6	5351311	1.13990758526275e-05
fe0560bbe9cb	369720551307	15	4	19	18648	1	5.36250536250536e-05	1	5351322	3.55052452459411e-06
369720551307	7f85397aa446	237	27	264	18649	5	0.000268110890664379	5	5351604	4.93310043119782e-05
7f85397aa446	6d13e4351efc	32	7	39	18649	6	0.000321733068797255	6	5351629	7.28750068437106e-06
6d13e4351efc	020a9d1400ba	0	0	0	18649	0	0	0	5351629	0
020a9d1400ba	c438ba15483a	1	5	6	18650	2	0.000107238605898123	2	5351633	1.12115311345154e-06
c438ba15483a	e8e55ec38991	121	15	136	18652	8	0.000428908428050611	8	5351778	2.54121153754883e-05
e8e55ec38991	669ef5caf987	0	0	0	18652	0	0	0	5351778	0
669ef5caf987	4a3aeee1280c	10	12	22	18652	1	5.36135535063264e-05	1	5351776	4.11078490579576e-06
05a4cc93f14b	08a91a7b080a	0	0	0	18656	0	0	0	5351887	0
08a91a7b080a	3df3902b5f3f	137200	169863	307063	17341	2815	0.162332045441439	2815	5036651	0.0609657091587247
3df3902b5f3f	b23eb9e516f8	169631	136966	306597	18656	2815	0.150889794168096	2815	5351890	0.0572876124135586
b23eb9e516f8	8400d5566f44	0	0	0	18656	0	0	0	5351890	0
8400d5566f44	69285201ec18	103	29	132	18657	3	0.000160797555877151	3	5352020	2.46635849641817e-05
69285201ec18	d2a5c5f46038	9	10	19	18657	1	5.35991852923836e-05	1	5352019	3.55006213542964e-06
d2a5c5f46038	4ac3f2231f1b	45	21	66	18657	5	0.000267995926461918	5	5352043	1.23317394871454e-05
4ac3f2231f1b	6310c1f176c3	7	0	7	18657	1	5.35991852923836e-05	1	5352050	1.3079100531572e-06
6310c1f176c3	26b0e84316fb	5	4	9	18657	1	5.35991852923836e-05	1	5352051	1.68159832557649e-06
26b0e84316fb	bb8fb4681603	29	103	132	18656	3	0.000160806174957118	3	5351921	2.46640411919384e-05
bb8fb4681603	09fc971aabeb	21	10	31	18656	4	0.000214408233276158	4	5351932	5.79230079903855e-06
09fc971aabeb	5d7909e22a27	22	3	25	18656	1	5.36020583190395e-05	1	5351951	4.6711937385077e-06
5d7909e22a27	ce136686a20a	26	11	37	18656	2	0.000107204116638079	2	5351966	6.91334735684046e-06
ce136686a20a	7580a8c2033d	255	254	509	18656	9	0.000482418524871355	9	5351967	9.51052201928749e-05
7580a8c2033d	c7a1da591f26	439	138	577	18656	6	0.000321612349914237	6	5352268	0.00010780476612905
c7a1da591f26	2e21cc41bb66	89	62	151	18656	24	0.00128644939965695	24	5352295	2.82121968239792e-05
2e21cc41bb66	7723073d61b2	79	34	113	18656	9	0.000482418524871355	9	5352340	2.11122611792225e-05
7723073d61b2	ebba043bb505	9	3	12	18658	4	0.00021438525029478	4	5352398	2.24198574171801e-06
ebba043bb505	14fd499129bf	0	0	0	18658	0	0	0	5352398	0
14fd499129bf	7afc9557c8f0	32	19	51	18659	1	5.35934401629241e-05	1	5352682	9.52793384699483e-06
7afc9557c8f0	ae89af4f7cd0	307	106	413	18661	12	0.000643052355179251	12	5352883	7.71546846811335e-05
ae89af4f7cd0	05bca8fcc15c	11	3	14	18661	1	5.35876962649376e-05	1	5352891	2.61540913125263e-06
05bca8fcc15c	8b747a986e06	0	0	0	18661	0	0	0	5352891	0
8b747a986e06	d2e1f920454c	41	14	55	18661	3	0.000160763088794813	3	5352918	1.02747697610911e-05
d2e1f920454c	8f07bc479476	1	1	2	18684	1	5.35217298223079e-05	1	5354440	3.73521787525866e-07
8f07bc479476	7a9b9969e527	94	80	174	18685	11	0.000588707519400589	11	5354700	3.24948176368424e-05
7a9b9969e527	a548323a9e66	368	85	453	18685	19	0.00101685844260102	19	5354983	8.45941060877317e-05
a548323a9e66	ff7fcef1c23e	29	25	54	18685	4	0.000214075461600214	4	5354987	1.00840580938852e-05
ff7fcef1c23e	52d264a4d2f8	3	3	6	18685	2	0.000107037730800107	2	5354987	1.12045089932058e-06
52d264a4d2f8	57f0e94ec132	147	16	163	18688	7	0.000374571917808219	7	5355155	3.04379611794617e-05
57f0e94ec132	67e821c356b7	11	1	12	18688	2	0.000107020547945205	2	5355165	2.24082731344412e-06
67e821c356b7	3faa5eaead0a	121	92	213	18689	14	0.000749103750869495	14	5355276	3.97738603948704e-05
3faa5eaead0a	6717ac6eafa4	139	67	206	18691	12	0.000642020223637045	12	5355595	3.84644469942182e-05
6717ac6eafa4	ae59a9d6b719	118	63	181	18691	6	0.000321010111818522	6	5355650	3.37960845088831e-05
ae59a9d6b719	c0840d0eb0c7	111359	56451	167810	18700	146	0.00780748663101604	146	5412957	0.0310015394543131
c0840d0eb0c7	61e5436ac87c	393	221	614	18702	19	0.00101593412469255	19	5414262	0.000113404190635769
61e5436ac87c	4a8ddcbeef48	8	8	16	18702	2	0.000106940434178163	2	5414262	2.95515806216988e-06
4a8ddcbeef48	ddc086030f76	33	8	41	18702	1	5.34702170890814e-05	1	5414287	7.57255756852195e-06
ddc086030f76	282811d159ab	86	152	238	18702	1	5.34702170890814e-05	1	5414221	4.39583090531399e-05
282811d159ab	827a6883442f	7	6	13	18702	2	0.000106940434178163	2	5414222	2.4010836644674e-06
827a6883442f	dca79ffca449	0	0	0	18702	0	0	0	5414222	0
dca79ffca449	4a19f1338175	137056	168119	305175	17375	2816	0.162071942446043	2816	5099257	0.059846954173912
4a19f1338175	3a6d01ad4e52	167927	136805	304732	18703	2818	0.150671015345132	2818	5414353	0.0562822557007273
3a6d01ad4e52	ca4501b479e1	0	0	0	18703	0	0	0	5414353	0
ca4501b479e1	53b97163051a	11	4	15	18704	2	0.000106928999144568	2	5414375	2.77040286274962e-06
53b97163051a	45a5b2dfb738	14	1	15	18704	3	0.000160393498716852	3	5414388	2.77039621098451e-06
45a5b2dfb738	499f6d27d231	48	20	68	18704	7	0.000374251497005988	7	5414416	1.25590645417714e-05
499f6d27d231	32e8189050ad	78	54	132	18704	7	0.000374251497005988	7	5414440	2.43792525173425e-05
32e8189050ad	8688a65bc7ce	188	10	198	18704	2	0.000106928999144568	2	5414618	3.65676766117203e-05
8688a65bc7ce	e9ef872c6e15	33	27	60	18704	2	0.000106928999144568	2	5414624	1.10811018456683e-05
e9ef872c6e15	e06632956519	5	2	7	18704	1	5.3464499572284e-05	1	5414627	1.2927944990486e-06
e06632956519	965a31dcde02	23557	19291	42848	18706	9	0.000481129049502833	9	5418774	0.00790732368613269
965a31dcde02	a2ab794bfff4	319	188	507	18707	11	0.000588015181482867	11	5418985	9.3559956338687e-05
a2ab794bfff4	ec534329e186	18746	10285	29031	19664	180	0.00915378356387307	180	5668528	0.00512143540615835
ec534329e186	183798d66e35	17	15	32	19664	4	0.000203417412530513	4	5668530	5.6452025481033e-06
183798d66e35	b2b5137c9473	52	43	95	19664	4	0.000203417412530513	4	5668539	1.67591684559284e-05
b2b5137c9473	f9ba867bf971	369	157	526	19666	13	0.000661039357266348	13	5668765	9.2789170127885e-05
f9ba867bf971	a82195fe433e	19	9	28	19666	5	0.000254245906640903	5	5668775	4.93933874602538e-06
a82195fe433e	1c16bdc50547	70	12	82	19666	1	5.08491813281806e-05	1	5668833	1.44650583285837e-05
1c16bdc50547	91a46b3f3f97	355	289	644	19669	38	0.0019319741725558	38	5669521	0.000113589842951459
91a46b3f3f97	19098a0eb266	1	0	1	19670	1	5.08388408744281e-05	1	5669625	1.76378508278766e-07
19098a0eb266	c846b94321ee	528	132	660	19675	20	0.00101651842439644	20	5670476	0.00011639234519289
c846b94321ee	aa6fbe509ca6	7	5	12	19675	1	5.08259212198221e-05	1	5670478	2.11622371165182e-06
aa6fbe509ca6	488616ffdc6a	205	62	267	19676	11	0.000559056718845294	11	5670658	4.70844829647635e-05
488616ffdc6a	696564543249	39	30	69	19676	7	0.000355763366537914	7	5670667	1.21678807801622e-05
696564543249	fff88cceef9d	299	58	357	19676	11	0.000559056718845294	11	5670908	6.2952881619663e-05
fff88cceef9d	86ec082e2e1b	22	10	32	19676	2	0.00010164667615369	2	5670920	5.64282338668153e-06
86ec082e2e1b	4d8528a0838a	224	244	468	19677	12	0.000609849062357067	12	5672730	8.24999603365575e-05
4d8528a0838a	99846558f1fb	42	0	42	19677	4	0.000203283020785689	4	5672772	7.40378777782714e-06
99846558f1fb	410e8b21dfeb	24	14	38	19677	3	0.000152462265589267	3	5672782	6.69865332388941e-06
410e8b21dfeb	d1aab61eb130	234	122	356	19677	12	0.000609849062357067	12	5672894	6.27545658353567e-05
d1aab61eb130	82029072178f	10	5	15	19694	2	0.000101553772722657	2	5685455	2.63831126972248e-06
82029072178f	9abae22747f5	124	101	225	19694	21	0.00106631461358789	21	5685478	3.95745089506986e-05
9abae22747f5	e15bd0e4e549	3	0	3	19701	1	5.0758844728694e-05	1	5685775	5.27632556687523e-07
e15bd0e4e549	c169f5c0ee40	166132	210549	376681	17399	2925	0.168113109948848	2925	5114282	0.0736527629880402
c169f5c0ee40	aface486f2e4	210460	166043	376503	19701	2925	0.14846962083143	2925	5685855	0.0662174818035282
aface486f2e4	1abd6c14ada1	106	33	139	19701	9	0.000456829602558246	9	5685928	2.44463172942042e-05
1abd6c14ada1	869990a16d06	174	15	189	19701	8	0.000406070757829552	8	5686087	3.32390271200564e-05
869990a16d06	657596c2e7d7	12	6	18	19703	2	0.000101507384662234	2	5686217	3.16554925708956e-06
657596c2e7d7	61a692b7799f	32	34	66	19703	2	0.000101507384662234	2	5686215	1.16070180251714e-05
61a692b7799f	daadd4051a15	49	42	91	19703	5	0.000253768461655585	5	5686222	1.6003596060794e-05
daadd4051a15	c445ad2d1534	26	20	46	19703	3	0.000152261076993351	3	5686228	8.08972134075524e-06
c445ad2d1534	e928c8cf24c3	71	12	83	19705	5	0.000253742704897234	5	5686483	1.45960165536413e-05
e928c8cf24c3	17391b64e790	379	95	474	19705	15	0.000761228114691703	15	5686767	8.33514015960211e-05
17391b64e790	1bad18064ab6	37	416	453	19711	4	0.000202932372786769	4	5687334	7.96506763977639e-05
1bad18064ab6	de8139bb4aa7	24	2	26	19711	3	0.000152199279590077	3	5687356	4.57154431690227e-06
de8139bb4aa7	485a0b292661	0	2	2	19711	1	5.07330931966922e-05	1	5687354	3.51657378809197e-07
485a0b292661	2cb83e106cf7	0	0	0	19711	0	0	0	5687354	0
2cb83e106cf7	585423cb9ee1	0	0	0	19711	0	0	0	5687354	0
585423cb9ee1	85d0f45dc6d8	23	19	42	19711	1	5.07330931966922e-05	1	5687358	7.38479976115448e-06
85d0f45dc6d8	4ce833a970d7	297	91	388	19711	25	0.00126832732991731	25	5687564	6.82190125684739e-05
4ce833a970d7	09df590981f0	4	2	6	19711	1	5.07330931966922e-05	1	5687566	1.05493281308736e-06
09df590981f0	a706e2be9d13	39	3	42	19711	3	0.000152199279590077	3	5687602	7.38448295081126e-06
a706e2be9d13	9716c797df5b	0	0	0	19711	0	0	0	5687602	0
9716c797df5b	5a4db3e2a4e4	66	36	102	19711	11	0.000558064025163614	11	5687632	1.79336497157341e-05
5a4db3e2a4e4	0fb56c49d1e9	6	0	6	19711	1	5.07330931966922e-05	1	5687638	1.05491945865753e-06
0fb56c49d1e9	7c3523614fb1	182	60	242	19709	8	0.000405905931300421	8	5687439	4.25499069088917e-05
7c3523614fb1	8478cfe10e43	5	4	9	19709	3	0.000152214724237658	3	5687440	1.58243427622973e-06
8478cfe10e43	113a1f6c3f8a	0	0	0	19709	0	0	0	5687440	0
113a1f6c3f8a	a011dbe8896f	745	1936	2681	19709	11	0.000558120655538079	11	5686249	0.000471488322090714
a011dbe8896f	bc5ae6a0542e	166540	210936	377476	17397	2933	0.168592286026326	2933	5113340	0.0738218072727415
bc5ae6a0542e	ee1f680f37a1	210860	166464	377324	19709	2933	0.148815262063017	2933	5686251	0.066357253663266
ee1f680f37a1	843a6782d3f1	0	0	0	19709	0	0	0	5686251	0
843a6782d3f1	497893913a7a	0	0	0	19709	0	0	0	5686251	0
497893913a7a	781a027428c7	6	2	8	19709	2	0.000101476482825105	2	5686255	1.40690137885128e-06
781a027428c7	a58c254dee96	103	32	135	19711	11	0.000558064025163614	11	5687029	2.37382295747041e-05
a58c254dee96	8ac0dfc2a34a	37	13	50	19711	8	0.000405864745573538	8	5687053	8.79189977656266e-06
8ac0dfc2a34a	4b8165a8d602	33	26	59	19711	2	0.000101466186393384	2	5687060	1.03744289668124e-05
4b8165a8d602	7dca7be78aad	199	49	248	19711	19	0.000963928770737152	19	5687210	4.36066190627742e-05
7dca7be78aad	98888b2f3bf8	126	63	189	19712	22	0.00111607142857143	22	5687289	3.32320021015285e-05
98888b2f3bf8	1151e590b153	5	1	6	19712	1	5.07305194805195e-05	1	5687293	1.05498345170541e-06
1151e590b153	93ebcdb7a0a8	0	0	0	19712	0	0	0	5687293	0
93ebcdb7a0a8	69bc40a0e08c	180	48	228	19713	12	0.000608735352305585	12	5687554	4.00875314766242e-05
69bc40a0e08c	c4bde810db3f	0	0	0	19713	0	0	0	5687554	0
c4bde810db3f	d6d2c572d791	6	0	6	19713	2	0.000101455892050931	2	5687560	1.05493392597177e-06
d6d2c572d791	91d35aa7ca21	1	1	2	19713	1	5.07279460254654e-05	1	5687560	3.5164464199059e-07
91d35aa7ca21	228d5ccfddc3	0	0	0	19713	0	0	0	5687560	0
228d5ccfddc3	2eb0724d74f8	166657	211285	377942	17398	2933	0.168582595700655	2933	5113946	0.0739041827973936
2eb0724d74f8	df760e6d4ddc	211163	166499	377662	19714	2933	0.148777518514761	2933	5687664	0.0664001952295354
df760e6d4ddc	5d60b8125b69	1	1	2	19714	1	5.07253728314903e-05	1	5687664	3.51638212102543e-07
5d60b8125b69	57fa88b806c5	19	6	25	19714	3	0.000152176118494471	3	5687677	4.39546760478839e-06
57fa88b806c5	4300e79948ec	113	11	124	19714	5	0.000253626864157452	5	5687779	2.18011283490445e-05
4300e79948ec	d4e85eb1174b	0	0	0	19714	0	0	0	5687779	0
d4e85eb1174b	04193f2b9f27	2	6	8	19714	1	5.07253728314903e-05	1	5687775	1.40652539877193e-06
04193f2b9f27	53d164e4a461	26	5	31	19714	3	0.000152176118494471	3	5687796	5.45026579715588e-06
53d164e4a461	02c4c024cf25	283	21	304	19714	7	0.000355077609820432	7	5688058	5.3445305937457e-05
02c4c024cf25	7bbc64499579	29	6	35	19714	3	0.000152176118494471	3	5688081	6.15321757900424e-06
7bbc64499579	164d166a913f	53	14	67	19714	6	0.000304352236988942	6	5688120	1.17789357467845e-05
164d166a913f	222bcfc9fc8c	849	645	1494	19736	24	0.00121605188488042	24	5691072	0.000262516446813535
222bcfc9fc8c	323adb1ff10a	28	28	56	19736	5	0.000253344142683421	5	5691072	9.83997391001203e-06
323adb1ff10a	dedd825272e3	8	0	8	19736	3	0.000152006485610053	3	5691080	1.40570858255375e-06
dedd825272e3	a6624c6bd155	1565	1509	3074	19720	173	0.00877281947261663	173	5677258	0.000541458570316868
a6624c6bd155	4c1a266168a6	9	0	9	19720	1	5.0709939148073e-05	1	5677267	1.58526981380301e-06
4c1a266168a6	95e8deb0774b	5	2	7	19720	3	0.000152129817444219	3	5677270	1.23298698141889e-06
95e8deb0774b	cd8dde452873	27	14	41	19720	7	0.000354969574036511	7	5677283	7.22176435453367e-06
cd8dde452873	25f0e9f9743c	74	17	91	19720	10	0.00050709939148073	10	5677340	1.60286331274858e-05
25f0e9f9743c	dde129cb7505	21	20	41	19720	6	0.000304259634888438	6	5677341	7.22169057662733e-06
dde129cb7505	02c086d3f933	57	4	61	19721	8	0.000405658942244308	8	5677450	1.07442601872319e-05
02c086d3f933	fe2f80c3a6b6	85	23	108	19721	12	0.000608488413366462	12	5677512	1.90224168614703e-05
fe2f80c3a6b6	cb079fb7300a	22	72	94	19721	2	0.000101414735561077	2	5677462	1.65566938184703e-05
cb079fb7300a	9bf43fa8f722	168832	213859	382691	17400	3115	0.179022988505747	3115	5114743	0.0748211591471947
9bf43fa8f722	7bcfe160efec	213723	168683	382406	19722	3112	0.157793327248758	3112	5677560	0.0673539337320962
7bcfe160efec	35c08876121e	0	0	0	19722	0	0	0	5677560	0
35c08876121e	fc024eb82e9e	39	17	56	19722	4	0.000202819186695061	4	5677582	9.86335380096668e-06
fc024eb82e9e	a776a2590177	1042	611	1653	19720	5	0.000253549695740365	5	5675429	0.00029125551566234
a776a2590177	b2da18a3f256	45	16	61	19720	1	5.0709939148073e-05	1	5675458	1.07480312602084e-05
b2da18a3f256	e083b305df0c	36	17	53	19722	5	0.000253523983368827	5	5675631	9.33816874282349e-06
e083b305df0c	9d4aa3b682a8	1	0	1	19722	1	5.07047966737653e-05	1	5675632	1.76191832028574e-07
9d4aa3b682a8	8d2f5d3141c7	5	2	7	19722	1	5.07047966737653e-05	1	5675635	1.23334217228557e-06
8d2f5d3141c7	3e443cd66408	5	1	6	19722	1	5.07047966737653e-05	1	5675639	1.05714968834346e-06
3e443cd66408	e78dfe8281d5	1	1	2	19722	1	5.07047966737653e-05	1	5675639	3.52383229447821e-07
e78dfe8281d5	71ac72d2e5b2	169438	214902	384340	17400	3117	0.179137931034483	3117	5114790	0.0751428699907523
71ac72d2e5b2	21470df85a8b	214764	169300	384064	19722	3117	0.158046851232127	3117	5675639	0.0676688563173239
21470df85a8b	bc021a2ec6a9	3	1	4	19723	2	0.000101404451655428	2	5675747	7.04753048365264e-07
bc021a2ec6a9	c0c261de23ec	13	27	40	19723	4	0.000202808903310855	4	5675733	7.04754786738559e-06
c0c261de23ec	55bad5ea82c9	169	45	214	19724	7	0.00035489758669641	7	5675881	3.77033979394564e-05
55bad5ea82c9	7e02b0747e53	161	87	248	19732	10	0.000506790999391851	10	5676421	4.36895008315979e-05
7e02b0747e53	0af11917e5ed	10	2	12	19732	2	0.00010135819987837	2	5676429	2.11400512540543e-06
0af11917e5ed	95a205a82cb8	45	10	55	19732	6	0.00030407459963511	6	5676464	9.68913041640007e-06
95a205a82cb8	ea16213ee93e	33937	23814	57751	19734	56	0.00283774196817675	56	5686603	0.0101556236649543
ea16213ee93e	620daaba9c3a	23	3	26	19734	1	5.0673963717442e-05	1	5686623	4.57213358437864e-06
620daaba9c3a	103b2f4aa61e	1	3	4	19734	2	0.000101347927434884	2	5686621	7.03405414216984e-07
103b2f4aa61e	6c6d174cf345	0	0	0	19734	0	0	0	5686621	0
6c6d174cf345	334ef251eddd	7	0	7	19734	2	0.000101347927434884	2	5686628	1.23095795962036e-06
334ef251eddd	334d3a965836	20	6	26	19734	4	0.000202695854869768	4	5686642	4.57211830813334e-06
334d3a965836	807ae106bc7e	0	0	0	19734	0	0	0	5686642	0
807ae106bc7e	852c39d4fed7	0	0	0	19734	0	0	0	5686642	0
852c39d4fed7	7023412fa93c	6	0	6	19734	1	5.0673963717442e-05	1	5686648	1.0551031117101e-06
7023412fa93c	5bb0828aefe6	0	0	0	19733	0	0	0	5686592	0
5bb0828aefe6	44ca54433b56	22	0	22	19733	2	0.000101353063396341	2	5686614	3.86873454044885e-06
44ca54433b56	06e767ce03fa	64	5	69	19734	8	0.000405391709739536	8	5686766	1.21334340115278e-05
06e767ce03fa	c7a429d62c81	22	11	33	19734	2	0.000101347927434884	2	5686777	5.80293547645705e-06
c7a429d62c81	74e4421e0a30	5	26	31	19734	5	0.00025336981858721	5	5686756	5.45126254757545e-06
74e4421e0a30	efdbf8cd90c1	7	4	11	19734	2	0.000101347927434884	2	5686759	1.93431794806145e-06
efdbf8cd90c1	2599ed882191	0	0	0	19734	0	0	0	5686759	0
2599ed882191	8b515f27f430	78	18	96	19735	5	0.000253356979984799	5	5686868	1.68809967103158e-05
8b515f27f430	5b942ca87e90	28	39	67	19735	3	0.000152014187990879	3	5686857	1.17815517429047e-05
5b942ca87e90	6c8d347bd822	0	0	0	19735	0	0	0	5686857	0
6c8d347bd822	b3d441310e5c	6	0	6	19736	1	5.06688285366842e-05	1	5686972	1.05504300003587e-06
b3d441310e5c	5e157173397f	1	1	2	19736	1	5.06688285366842e-05	1	5686972	3.51681000011957e-07
5e157173397f	16afadc0d3ba	350	32	382	19787	7	0.00035376762520847	7	5694603	6.70810590308051e-05
16afadc0d3ba	cc5b751b8be5	7	7	14	19787	2	0.000101076464345277	2	5694603	2.45846813201904e-06
cc5b751b8be5	a2ba0dadb910	18	11	29	19787	3	0.000151614696517916	3	5694610	5.09253487069352e-06
a2ba0dadb910	64cb7b04d78b	3	3	6	19787	1	5.05382321726386e-05	1	5694610	1.05362790428142e-06
64cb7b04d78b	416d2cb3b5e8	133	45	178	19787	3	0.000151614696517916	3	5694698	3.12571448038158e-05
416d2cb3b5e8	28d98b480e3d	194	48	242	19787	2	0.000101076464345277	2	5694844	4.24945793071768e-05
28d98b480e3d	bd25c99ebb74	243	22	265	19790	24	0.00121273370389085	24	5695154	4.65307874027638e-05
bd25c99ebb74	328b5bce7df4	604	202	806	19791	28	0.00141478449800414	28	5695617	0.0001415123243013
328b5bce7df4	10fd22d17902	6	2	8	19791	1	5.05280177858623e-05	1	5695621	1.40458784037772e-06
10fd22d17902	5d2cbf9c9669	20	15	35	19791	1	5.05280177858623e-05	1	5695626	6.14506640709906e-06
5d2cbf9c9669	3f47fec824f9	106	9	115	19791	4	0.000202112071143449	4	5695723	2.01905886223751e-05
3f47fec824f9	aa9371c6c23f	0	0	0	19791	0	0	0	5695723	0
aa9371c6c23f	31e748ef110d	0	0	0	19791	0	0	0	5695723	0
31e748ef110d	69e253891ca3	0	0	0	19791	0	0	0	5695723	0
69e253891ca3	426f09f86038	9	106	115	19791	4	0.000202112071143449	4	5695626	2.01909324804683e-05
426f09f86038	7f500ea32c40	124	138	262	19791	10	0.000505280177858623	10	5695612	4.60003244603038e-05
7f500ea32c40	8a23f17697a7	24	23	47	19791	4	0.000202112071143449	4	5695613	8.25196515282903e-06
8a23f17697a7	64e1780f3dce	14	0	14	19791	1	5.05280177858623e-05	1	5695627	2.4580261312758e-06
64e1780f3dce	bdbe2b0b785f	11	0	11	19791	1	5.05280177858623e-05	1	5695638	1.9313025160658e-06
bdbe2b0b785f	f1ebb30ba752	21	21	42	19791	1	5.05280177858623e-05	1	5695638	7.37406415225125e-06
f1ebb30ba752	6bc072d1c545	151	29	180	19791	6	0.000303168106715174	6	5695760	3.16024551596275e-05
6bc072d1c545	ae9e562f8237	68	60	128	19791	2	0.000101056035571725	2	5695768	2.24728254381148e-05
ae9e562f8237	c0ca8ded5eea	44	34	78	19791	2	0.000101056035571725	2	5695778	1.36943539583179e-05
c0ca8ded5eea	51edb84f5830	40	29	69	19791	3	0.000151584053357587	3	5695789	1.2114212798262e-05
51edb84f5830	049befb15069	0	0	0	19791	0	0	0	5695789	0
049befb15069	0b38c0bb138d	1247	1245	2492	19803	51	0.00257536736858052	51	5697866	0.00043735672267477
0b38c0bb138d	42df09ddc380	176685	230842	407527	17464	2950	0.168918918918919	2950	5109366	0.0797607765816737
42df09ddc380	a86d079b0514	228646	174489	403135	19803	2950	0.148967328182599	2950	5697866	0.0707519271249973
a86d079b0514	612ff691af63	176693	230830	407523	17464	2951	0.1689761795694	2951	5109386	0.0797596814959762
612ff691af63	dfad864f20a0	228626	174484	403110	19803	2950	0.148967328182599	2950	5697871	0.0707474774349928
dfad864f20a0	17e93767af48	10	7	17	19803	1	5.04973993839317e-05	1	5697874	2.98356895922935e-06
17e93767af48	fd40740804fe	24	7	31	19803	1	5.04973993839317e-05	1	5697891	5.44060951674927e-06
fd40740804fe	a2ae8b0e65ee	164	72	236	19804	6	0.000302969097152091	6	5698062	4.14175907527858e-05
a2ae8b0e65ee	4de0968e31a1	830	883	1713	19805	31	0.00156526129765211	31	5698060	0.000300628635009108
4de0968e31a1	7f6049187692	9	1	10	19805	2	0.000100984599848523	2	5698068	1.75498081103981e-06
